Team,League,Division,Conference,League,
Abilene Christian,NCAA,I,SC,Southland,
Academy of Art,NCAA,II,W,PacWest,
Acadia,CIS,Atl,*,CIS-Atlantic,
Adams St,NCAA,II,NC,RMAC,
Adelphi,NCAA,II,E,NE-10,
Adrian,NCAA,III,GL,Mich IAA,
AFLBS,ACCA,*,*,NIAC,
AIB Coll Bus,NAIA,II,*,Midwest Coll,
Air Force,NCAA,I,W,Mtn West,
Akron,NCAA,I,MW,MAC,
Akron-Wayne,Indep.,*,*,ORCC,
Alabama,NCAA,I,S,SEC,
Alabama A&M,NCAA,I,S,SWAC,
Alabama St,NCAA,I,S,SWAC,
Alabama-Birmingham,NCAA,I,MW,CUSA,
Alabama-Huntsville,NCAA,II,S,Gulf South,
Alaska-Anchorage,NCAA,II,W,Great NW,
Alaska-Fairbanks,NCAA,II,W,Great NW,
Albany NY,NCAA,I,E,Amer E,
Albany Pharmacy,USCAA,II,*,Hudson Val,
Albany St GA,NCAA,II,S,SIAC,
Alberta,CIS,Can W,Pion'r CIS-Can W,*,
Albertus Magnus,NCAA,III,NE,Great NE,
Albion,NCAA,III,GL,Mich IAA,
Albright,NCAA,III,M Atl,Middle Atl C'wlth,
Alcorn St,NCAA,I,S,SWAC,
Alderson-Broaddus,NCAA,II,E,Great Midwest,
Alfred,NCAA,III,E,Empire 8,
Alfred St,NCAA,III,E,NCAA-III-Indep.,
Algoma,CIS,OUA,West,CIS-OUA,
Algonquin,CCAA,OCAA,E,OCAA,
Alice Lloyd,NAIA,II,*,Kentucky IAC,
Allegheny,NCAA,III,GL,North Coast,
Allen,NAIA,I,*,AII-I,
Alma,NCAA,III,GL,Mich IAA,
Alvernia,NCAA,III,M Atl,Middle Atl C'wlth,
American Int'l,NCAA,II,NE,NE-10,
American U.,NCAA,I,E,Patriot,
Amherst,NCAA,III,NE,NESCAC,
Anderson IN,NCAA,III,MW,Heartland CAC,
Anderson SC,NCAA,II,E,South Atl,
Andrews,USCAA,II,*,USCAA-II-Indep.,
Angelo St,NCAA,II,SC,Lone Star,
Anna Maria,NCAA,III,NE,Great NE,
Appalachian Bible,Indep.,NCCAA,II,MidE,
Appalachian St,NCAA,I,S,Sun Belt,
Apprentice,USCAA,I,*,USCAA-I-Indep.,
Aquinas,NAIA,II,*,Wolv-Hoosier,
Arcadia,NCAA,III,M Atl,Middle Atl C'wlth,
Arizona,NCAA,I,W,Pac 12,
Arizona Christian,NAIA,I,*,Golden State,
Arizona St,NCAA,I,W,Pac 12,
Arkansas,NCAA,I,S,SEC,
Arkansas St,NCAA,I,S,Sun Belt,
Arkansas Tech,NCAA,II,S,Great Amer,
Arkansas-Fort Smith,NCAA,II,*,Heartland Conf,
Arkansas-Little Rock,NCAA,I,S,Sun Belt,
Arkansas-Monticello,NCAA,II,S,Great Amer,
Arkansas-Pine Bluff,NCAA,I,S,SWAC,
Arlington Baptist,NCCAA,II,SW,NCCAA-II-Indep.,
Armstrong Atl St,NCAA,II,S Atl,Peach Belt,
Army,NCAA,I,E,Patriot,
Asbury,NAIA,II,*,Kentucky IAC,
Ashford,NAIA,II,*,AII-II,
Ashland,NCAA,II,MW,GLIAC,
Assumption,NCAA,II,NE,NE-10,
Auburn,NCAA,I,S,SEC,
Auburn Montgomery,NAIA,I,*,Southern States,
Augsburg,NCAA,III,W,Minn IAC,
Augustana AB,CCAA,ACAC,North,Alberta,
Augustana IL,NCAA,III,MW,CCIW,
Augustana SD,NCAA,II,Cen,Northern Sun,
Aurora,NCAA,III,MW,Northern AC,
Austin,NCAA,III,S,SCAC,
Austin Peay,NCAA,I,S,Ohio Valley,
Ave Maria,NAIA,II,*,Sun Conf,
Averett,NCAA,III,S,USA South,
Avila,NAIA,I,*,HAAC,
Azusa Pacific,NCAA,II,*,PacWest,
Babson,NCAA,III,NE,NEWMAC,
Bacone,NAIA,I,*,Red River,
Baker,NAIA,I,*,HAAC,
Baldwin Wallace,NCAA,III,GL,Ohio AC,
Ball St,NCAA,I,MW,MAC,
Baptist Bible MO,NCCAA,II,Cen,NCCAA-II-Indep.,
Baptist Bible PA,NCAA,III,M Atl,Colonial States,
Barber-Scotia,USCAA,II,*,USCAA-II-Indep.,
Barclay,ACCA,*,*,Midwest Chr,
Bard,NCAA,III,E,Liberty,
Barry,NCAA,II,S,Sunshine State,
Barton,NCAA,II,SE,Conf Carolinas,
Baruch,NCAA,III,Atl,CUNY AC,
Bates,NCAA,III,NE,NESCAC,
Baylor,NCAA,I,S,Big 12,
Becker,NCAA,III,NE,New England,
Belhaven,NAIA,I,*,Southern States,
Bellarmine,NCAA,II,MW,Great Lakes Val,
Bellevue,NAIA,II,*,Midlands,
Belmont,NCAA,I,S,Ohio Valley,
Belmont Abbey,NCAA,II,E,Conf Carolinas,
Beloit,NCAA,III,MW,Midwest Conf,
Bemidji St,NCAA,II,NC,Northern Sun,
Benedict,NCAA,II,S,SIAC,
Benedictine IL,NCAA,III,MW,Northern AC,
Benedictine KS,NAIA,I,*,HAAC,
Benedictine-Springfield Bulldogs,I,*,Amer MidW,*,
Bentley,NCAA,II,NE,NE-10,
Berea,NAIA,II,*,Kentucky IAC,
Berkeley-NYC,USCAA,II,*,Hudson Val,
Berry,NCAA,III,S,Southern AA,
Bethany KS,NAIA,II,*,Kansas CAC,
Bethany Lutheran,NCAA,III,NC,UMAC,
Bethany WV,NCAA,III,GL,Presidents',
Bethel IN,NAIA,II,*,Crossroads,
Bethel KS,NAIA,II,*,Kansas CAC,
Bethel MN,NCAA,III,W,Minn IAC,
Bethel TN,NAIA,I,*,Southern States,
Bethesda,NCCAA,I,W,NCCAA-I-Indep.,
Bethune-Cookman,NCAA,I,E,MEAC,
Binghamton,NCAA,I,S,Amer E,
Biola,NAIA,I,*,Golden State,
Birmingham-Southern,NCAA,III,S,Southern AA,
Bishop's,CIS,QSSF,*,CIS-QSSF,
Black Hills St,NCAA,II,*,RMAC,
Blackburn,NCAA,III,MW,SLIAC,
Bloomfield,NCAA,II,E,Cent Atl,
Bloomsburg,NCAA,II,E,PSAC,
Blue Mountain,NAIA,I,*,Southern States,
Bluefield St WV,NCAA,II,E,NCAA-II-Indep.,
Bluefield VA,NAIA,II,*,Appal AC,
Bluffton,NCAA,III,MW,Heartland CAC,
Bob Jones U.,NCCAA,I,S,NCCAA-I-Indep.,
Boise St,NCAA,I,W,Mtn West,
Boston College,NCAA,I,E,ACC,
Boston U.,NCAA,I,E,Patriot,
Bowdoin,NCAA,III,NE,NESCAC,
Bowie St,NCAA,II,S Atl,CIAA,
Bowling Green,NCAA,I,MW,MAC,
Boyce,NCCAA,II,MidE,NCCAA-II-Indep.,
Bradley,NCAA,I,MW,Missouri Val,
Brandeis,NCAA,III,NE,UAA,
Brandon,CIS,Can W,Pion'r CIS-Can W,*,
Brescia,Indep.,*,*,Kentucky IAC,
Brevard,NCAA,II,S,South Atl,
Brewton-Parker,NAIA,I,*,Southern States,
Briar Cliff,NAIA,II,*,GPAC,
Bridgeport,NCAA,II,NE,East Coast,
Bridgewater St MA,NCAA,III,NE,Mass SCAC,
Bridgewater VA,NCAA,III,S,ODAC,
Briercrest,CCAA,ACAC,South,Alberta,
Brigham Young,NCAA,I,W,West Coast,
Bristol,USCAA,II,*,USCAA-II-Indep.,
Brock,CIS,OUA,Cent.,CIS-OUA,
Brockport St,NCAA,III,E,SUNY AC,
Brooklyn,NCAA,III,Atl,CUNY AC,
Brown,NCAA,I,E,Ivy,
Bryan,NAIA,II,*,Appal AC,
Bryant,NCAA,I,E,Northeast,
Bryn Athyn,NCAA,III,E,NEAC,
Bucknell,NCAA,I,E,Patriot,
Buena Vista,NCAA,III,W,Iowa IAC,
Buffalo,NCAA,I,MW,MAC,
Buffalo St,NCAA,III,E,SUNY AC,
Butler,NCAA,I,MW,Big East,
BYU-Hawai`i,NCAA,II,W,PacWest,
Cabrini,NCAA,III,M Atl,Colonial States,
Cairn,NCAA,III,M Atl,Colonial States,
Cal Lutheran,NCAA,III,W,SCIAC,
Cal Poly Pomona,NCAA,II,W,Cal CAA,
Cal Poly SLO,NCAA,I,W,Big West,
Caldwell,NCAA,II,E,Cent Atl,
Calgary,CIS,Can W,Pion'r CIS-Can W,*,
California,NCAA,I,W,Pac 12,
California Baptist,NCAA,II,*,PacWest,
California Maritime,NAIA,II,*,Cal Pac,
California PA,NCAA,II,E,PSAC,
Caltech,NCAA,III,W,SCIAC,
Calumet-St Joseph,NAIA,II,*,Chicagoland,
Calvary Bible,ACCA,*,*,Midwest Chr,
Calvin,NCAA,III,GL,Mich IAA,
Cambrian,CCAA,OCAA,W,OCAA,
Cameron,NCAA,II,SC,Lone Star,
Camosun,CCAA,PACWEST,*,PACWEST,
Campbell,NCAA,I,S,Big South,
Campbellsville,NAIA,I,*,Mid-South,
Canadian Mennonite,Indep.,*,*,Man CAC,
Canadore,CCAA,OCAA,E,OCAA,
Canisius,NCAA,I,E,Metro Atl,
Capilano,CCAA,PACWEST,*,PACWEST,
Capital,NCAA,III,GL,Ohio AC,
Cardinal Stritch,NAIA,II,*,Chicagoland,
Carleton MN,NCAA,III,W,Minn IAC,
Carleton ON,CIS,OUA,North,CIS-OUA,
Carlow,NAIA,II,*,Kentucky IAC,
Carnegie Mellon,NCAA,III,GL,UAA,
Carroll MT,NAIA,I,*,Frontier,
Carroll WI,NCAA,III,MW,Midwest Conf,
Carson-Newman,NCAA,II,S Atl,South Atl,
Carthage,NCAA,III,MW,CCIW,
Carver,NCCAA,I,S,NCCAA-I-Indep.,
Case Western Reserve,NCAA,III,GL,UAA,
Castleton St,NCAA,III,NE,North Atl,
Catawba,NCAA,II,S Atl,South Atl,
Catholic,NCAA,III,M Atl,Landmark,
Cazenovia,NCAA,III,E,NEAC,
CCNY,NCAA,III,Atl,CUNY AC,
Cedarville,NCAA,II,*,Great Midwest,
Centenary LA,NCAA,III,S,SCAC,
Centenary NJ,NCAA,III,Atl,Colonial States,
Centennial,CCAA,OCAA,E,OCAA,
Central Arkansas,NCAA,I,S,Southland,
Central Baptist,NAIA,II,*,Midlands,
Central Christian KS,NAIA,II,*,Midlands,
Central Connecticut St,NCAA,I,E,Northeast,
Central Florida,NCAA,I,S,American,
Central IA,NCAA,III,W,Iowa IAC,
Central Maine CC,USCAA,II,*,Yankee Small,
Central Methodist,NAIA,I,*,HAAC,
Central Michigan,NCAA,I,MW,MAC,
Central Missouri,NCAA,II,SC,Mid-Amer IAA,
Central Oklahoma,NCAA,II,SC,Mid-Amer IAA,
Central Penn,USCAA,II,*,USCAA-II-Indep.,
Central St OH,NCAA,II,*,Great Midwest,
Central Washington,NCAA,II,W,Great NW,
Centre,NCAA,III,S,Southern AA,
Chadron St,NCAA,II,NC,RMAC,
Chaminade,NCAA,II,W,PacWest,
Champion Baptist,ACCA,*,*,*,
Champlain St-Lambert,CCAA,RSEQ,*,RSEQ,
Chapman,NCAA,III,W,SCIAC,
Charleston Southern,NCAA,I,S,Big South,
Charleston WV,NCAA,II,E,Mtn East,
Charlotte,NCAA,I,MW,CUSA,
Chattanooga,NCAA,I,S,Southern,
Chestnut Hill,NCAA,II,E,Cent Atl,
Cheyney,NCAA,II,E,PSAC,
Chicago,NCAA,III,MW,UAA,
Chicago St,NCAA,I,MW,WAC,
Chico St,NCAA,II,W,Cal CAA,
Chowan,NCAA,II,S,CIAA,
Christendom,USCAA,II,*,Shena & Chesa,
Christian Brothers,NCAA,II,S,Gulf South,
Christopher Newport,NCAA,III,S,Capital,
Cincinnati,NCAA,I,MW,American,
Cincinnati Christian U. Golden Eagles,II,*,Kentucky IAC,NCCAA,
Cincinnati-Clermont,USCAA,II,*,OCAC,
Claflin,NCAA,II,S,SIAC,
Claremont-Mudd-Scripps,NCAA,III,W,SCIAC,
Clarion,NCAA,II,E,PSAC,
Clark Atlanta,NCAA,II,S,SIAC,
Clark MA,NCAA,III,NE,NEWMAC,
Clark St CC,Indep.,*,*,OCAC,
Clarke IA,NAIA,II,*,Midwest Coll,
Clarkson,NCAA,III,E,Liberty,
Clayton St,NCAA,II,S Atl,Peach Belt,
Clearwater Christian,NCCAA,II,S,NCCAA-II-Indep.,
Clemson,NCAA,I,E,ACC,
Cleveland St,NCAA,I,MW,Horizon,
Coast Guard,NCAA,III,NE,NEWMAC,
Coastal Carolina,NCAA,I,S,Big South,
Coastal Georgia,NAIA,I,*,Southern States,
Coe,NCAA,III,W,Iowa IAC,
Coker,NCAA,II,E,South Atl,
Col. de Sainte-Foy,CCAA,RSEQ,*,RSEQ,
Col. Éd.-Montpetit,CCAA,RSEQ,*,RSEQ,
Col. Montmorency,CCAA,RSEQ,*,RSEQ,
Colby,NCAA,III,NE,NESCAC,
Colby-Sawyer,NCAA,III,NE,North Atl,
Col-Colorado Springs,NCAA,II,NC,RMAC,
Colgate,NCAA,I,E,Patriot,
Coll of Charleston,NCAA,I,S,Colonial,
Coll of Faith,Indep.,*,*,*,
Coll of Idaho,NAIA,II,*,Cascade,
Coll of the Ozarks MO,NAIA,II,*,Midlands,
Colorado,NCAA,I,S,Pac 12,
Colorado Christian,NCAA,II,NC,RMAC,
Colorado College,NCAA,III,W,SCAC,
Colorado Mesa,NCAA,II,NC,RMAC,
Colorado Mines,NCAA,II,NC,RMAC,
Colorado St,NCAA,I,W,Mtn West,
Colorado St-Pueblo,NCAA,II,NC,RMAC,
Columbia Bible,CCAA,PACWEST,*,PACWEST,
Columbia Int'l,NCCAA,I,S,NCCAA-I-Indep.,
Columbia MO,NAIA,I,*,Amer MidW,
Columbia NY,NCAA,I,E,Ivy,
Columbus St,NCAA,II,S Atl,Peach Belt,
Concord,NCAA,II,E,Mtn East,
Concordia AB,CCAA,ACAC,North,Alberta,
Concordia AL,USCAA,I,*,USCAA-I-Indep.,
Concordia CA,NAIA,I,*,Golden State,
Concordia IL,NCAA,III,MW,Northern AC,
Concordia MI,NAIA,II,*,Wolv-Hoosier,
Concordia NE,NAIA,II,*,GPAC,
Concordia NY,NCAA,II,E,Cent Atl,
Concordia OR,NAIA,II,*,Cascade,
Concordia QC,CIS,QSSF,*,CIS-QSSF,
Concordia TX,NCAA,III,S,Amer SW,
Concordia WI,NCAA,III,MW,Northern AC,
Concordia-Moorhead,NCAA,III,W,Minn IAC,
Concordia-St Louis,MO,Indep.,*,*,*
Concordia-St Paul,NCAA,II,NC,Northern Sun,
Connecticut,NCAA,I,E,American,
Connecticut College,NCAA,III,NE,NESCAC,
Cooper Union,Indep.,*,*,*,
Coppin St,NCAA,I,E,MEAC,
Corban,NAIA,II,*,Cascade,
Cornell IA,NCAA,III,W,Midwest Conf,
Cornell NY,NCAA,I,E,Ivy,
Cornerstone,NAIA,II,*,Wolv-Hoosier,
Cortland St,NCAA,III,E,SUNY AC,
Covenant,NCAA,III,S,USA South,
Crandall,CCAA,ACAA,*,Atl Colleges,
Creighton,NCAA,I,MW,Big East,
Crossroads MN,NCCAA,II,NC,NIAC,
Crowley's Ridge,NCCAA,I,Cen,NCCAA-I-Indep.,
Crown MN,NCAA,III,W,UMAC,
Crown TN,NCCAA,II,Mid E,NCCAA-II-Indep.,
CSU-Bakersfield,NCAA,I,W,WAC,
CSU-Dominguez Hills,NCAA,II,W,Cal CAA,
CSU-East Bay,NCAA,II,W,Cal CAA,
CSU-Fullerton,NCAA,I,W,Big West,
CSU-Los Angeles,NCAA,II,W,Cal CAA,
CSU-Monterey Bay,NCAA,II,W,Cal CAA,
CSU-Northridge,NCAA,I,W,Big West,
CSU-San Bernardino,NCAA,II,W,Cal CAA,
CSU-San Marcos,NAIA,I,*,AII-I,
CSU-Stanislaus,NCAA,II,W,Cal CAA,
Ctr Chr Col Bible MO,ACCA,*,*,Midwest Chr,
Culinary Institute,Indep.,*,*,Hudson Val,
Culver-Stockton,NAIA,I,*,HAAC,
Cumberland TN,NAIA,I,*,Mid-South,
Cumberlands KY,NAIA,I,*,Mid-South,
Curry,NCAA,III,NE,C'wealth Coast,
Daemen,NCAA,II,*,East Coast,
Dakota St,NAIA,II,*,North Star,
Dakota Wesleyan,NAIA,II,*,GPAC,
Dalhousie,CIS,Atl,*,CIS-Atlantic,
Dallas,NCAA,III,S,SCAC,
Dallas Baptist,NCAA,II,SC,Heartland Conf,
Dallas Christian,NCCAA,II,SW,NCCAA-II-Indep.,
Dalton St,NAIA,I,*,Southern States,
Daniel Webster,NCAA,III,NE,New England,
Dartmouth,NCAA,I,E,Ivy,
Davenport,NAIA,II,*,Wolv-Hoosier,
Davidson,NCAA,I,S,Atl 10,
Davis & Elkins,NCAA,II,E,Great Midwest,
Davis College,USCAA,II,*,Shena & Chesa,
Dawson,CCAA,RSEQ,*,RSEQ,
Dayton,NCAA,I,E,Atl 10,
Defiance,NCAA,III,MW,Heartland CAC,
Delaware,NCAA,I,E,Colonial,
Delaware St,NCAA,I,E,MEAC,
Delaware Valley,NCAA,III,M Atl,Middle Atl Freedom,
Delta St,NCAA,II,S,Gulf South,
Denison,NCAA,III,GL,North Coast,
Denver,NCAA,I,S,Summit,
DePaul,NCAA,I,MW,Big East,
DePauw,NCAA,III,S,North Coast,
DeSales,NCAA,III,M Atl,Middle Atl Freedom,
Detroit Mercy,NCAA,I,MW,Horizon,
Dickinson,NCAA,III,M Atl,Centennial,
Dickinson St,NAIA,II,*,North Star,
Dillard,NAIA,I,*,Gulf Coast,
District of Columbia,NCAA,II,?,East Coast,
Dixie St,NCAA,II,W,PacWest,
Doane,NAIA,II,*,GPAC,
Dominican CA,NCAA,II,*,PacWest,
Dominican IL,NCAA,III,MW,Northern AC,
Dominican NY,NCAA,II,E,Cent Atl,
Dordt,NAIA,II,*,GPAC,
Douglas,CCAA,PACWEST,*,PACWEST,
Dowling,NCAA,II,NE,East Coast,
Drake,NCAA,I,MW,Missouri Val,
Drew,NCAA,III,M Atl,Landmark,
Drexel,NCAA,I,E,Colonial,
Drury,NCAA,II,MW,Great Lakes Val,
Dubuque,NCAA,III,W,Iowa IAC,
Duke,NCAA,I,E,ACC,
Duquesne,NCAA,I,E,Atl 10,
Durham,CCAA,OCAA,E,OCAA,
D'Youville,NCAA,III,E,Alleg Mtn,
Earlham,NCAA,III,GL,Heartland CAC,
East Carolina,NCAA,I,E,American,
East Central,NCAA,II,SC,Great Amer,
East Stroudsburg,NCAA,II,E,PSAC,
East Tennessee St,NCAA,I,S,Southern,
East Texas Baptist,NCAA,III,S,Amer SW,
Eastern Conn St,NCAA,III,NE,Little East,
Eastern Illinois,NCAA,I,S,Ohio Valley,
Eastern Kentucky,NCAA,I,S,Ohio Valley,
Eastern Maine CC,USCAA,II,*,Yankee Small,
Eastern Mennonite,NCAA,III,S,ODAC,
Eastern Michigan,NCAA,I,MW,MAC,
Eastern Nazarene,NCAA,III,NE,C'wealth Coast,
Eastern New Mexico,NCAA,II,SC,Lone Star,
Eastern Oregon,NAIA,II,*,Cascade,
Eastern U.,NCAA,III,M Atl,Middle Atl Freedom,
Eastern Washington,NCAA,I,W,Big Sky,
Ecclesia,NCCAA,I,Cen,NCCAA-I-Indep.,
Eckerd,NCAA,II,S,Sunshine State,
Edgewood,NCAA,III,MW,Northern AC,
Edinboro,NCAA,II,E,PSAC,
Edward Waters,NAIA,I,*,Gulf Coast,
Elizabeth City St,NCAA,II,S Atl,CIAA,
Elizabethtown,NCAA,III,M Atl,Landmark,
Elmhurst,NCAA,III,MW,CCIW,
Elmira,NCAA,III,E,Empire 8,
Elms,NCAA,III,NE,New England,
Elon,NCAA,I,S,Colonial,
Embry-Riddle FL,NAIA,II,*,Sun Conf,
Emerson,NCAA,III,NE,NEWMAC,
Emmanuel GA,NCAA,II,?,Conf Carolinas,
Emmanuel MA,NCAA,III,NE,Great NE,
Emmaus Bible,ACCA,*,*,*,
Emory,NCAA,III,S,UAA,
Emory & Henry,NCAA,III,S,ODAC,
Emporia St,NCAA,II,SC,Mid-Amer IAA,
Endicott,NCAA,III,NE,C'wealth Coast,
Erskine,NCAA,II,E,Conf Carolinas,
Eureka,NCAA,III,MW,SLIAC,
Evangel,NAIA,I,*,HAAC,
Evansville,NCAA,I,MW,Missouri Val,
Evergreen St,NAIA,II,*,Cascade,
Fairfield,NCAA,I,E,Metro Atl,
Fairleigh Dickinson,NCAA,I,E,Northeast,
Fairmont St,NCAA,II,E,Mtn East,
Faith Baptist Bible,NCCAA,II,NC,Midwest Chr,
Fanshawe,CCAA,OCAA,W,OCAA,
Farmingdale,NCAA,III,Atl,Skyline,
Faulkner,NAIA,I,*,Southern States,
Fayetteville St,NCAA,II,S Atl,CIAA,
FDU-Florham,NCAA,III,M Atl,Middle Atl Freedom,
Felician,NCAA,II,E,Cent Atl,
Ferris St,NCAA,II,MW,GLIAC,
Ferrum,NCAA,III,S,USA South,
Findlay,NCAA,II,MW,GLIAC,
Finlandia,NCAA,III,GL,NCAA-III-Indep.,
Fisher,NAIA,II,*,AII-II,
Fisk,NAIA,I,*,AII-I,
Fitchburg St,NCAA,III,NE,Mass SCAC,
Flagler,NCAA,II,S,Peach Belt,
Fleming,CCAA,OCAA,E,OCAA,
Florida,NCAA,I,S,SEC,
Florida A&M,NCAA,I,E,MEAC,
Florida Atlantic,NCAA,I,S,CUSA,
Florida College,USCAA,I,*,USCAA-I-Indep.,
Florida Gulf Coast,NCAA,I,S,Atl Sun,
Florida Int'l,NCAA,I,S,CUSA,
Florida Memorial,NAIA,II,*,Sun Conf,
Florida National,USCAA,I,*,USCAA-I-Indep.,
Florida Southern,NCAA,II,S,Sunshine State,
Florida St,NCAA,I,E,ACC,
Florida Tech,NCAA,II,S,Sunshine State,
Fontbonne,NCAA,III,MW,SLIAC,
Fordham,NCAA,I,E,Atl 10,
Fort Hays St,NCAA,II,NC,Mid-Amer IAA,
Fort Lewis,NCAA,II,NC,RMAC,
Fort Valley St,NCAA,II,S,SIAC,
Framingham St,NCAA,III,NE,Mass SCAC,
Francis Marion,NCAA,II,S Atl,Peach Belt,
Franciscan,NCAA,III,GL,Alleg Mtn,
Franklin,NCAA,III,MW,Heartland CAC,
Franklin & Marshall,NCAA,III,M Atl,Centennial,
Franklin Pierce,NCAA,II,NE,NE-10,
Fraser Valley,CIS,Can W,Expl.,CIS-Can W,
Fredonia St,NCAA,III,E,SUNY AC,
Freed-Hardeman,NAIA,I,*,Amer MidW,
Fresno Pacific,NCAA,II,*,PacWest,
Fresno St,NCAA,I,W,Mtn West,
Friends,NAIA,II,*,Kansas CAC,
Frostburg St,NCAA,III,GL,Capital,
Furman,NCAA,I,S,Southern,
Gallaudet,NCAA,III,M Atl,NEAC,
Gannon,NCAA,II,Atl,PSAC,
Gardner-Webb,NCAA,I,S,Big South,
Geneseo St,NCAA,III,E,SUNY AC,
Geneva,NCAA,III,GL,Presidents',
George Brown,CCAA,OCAA,E,OCAA,
George Fox,NCAA,III,W,Northwest,
George Mason,NCAA,I,E,Atl 10,
George Washington,NCAA,I,E,Atl 10,
Georgetown DC,NCAA,I,E,Big East,
Georgetown KY,NAIA,I,*,Mid-South,
Georgia,NCAA,I,S,SEC,
Georgia Coll & St,NCAA,II,S Atl,Peach Belt,
Georgia Regents,NCAA,II,S Atl,Peach Belt,
Georgia Southern,NCAA,I,S,Sun Belt,
Georgia Southwestern,NCAA,II,S Atl,Peach Belt,
Georgia St,NCAA,I,E,Sun Belt,
Georgia Tech,NCAA,I,E,ACC,
Georgian,CCAA,OCAA,E,OCAA,
Georgian Court,NCAA,II,E,Cent Atl,
Gettysburg,NCAA,III,M Atl,Centennial,
Glenville St,NCAA,II,E,Mtn East,
Goldey-Beacom,NCAA,II,E,Cent Atl,
Gonzaga,NCAA,I,W,West Coast,
Gordon,NCAA,III,NE,C'wealth Coast,
Goshen,NAIA,II,*,Crossroads,
Goucher,NCAA,III,M Atl,Landmark,
Grace Bible,NCCAA,II,Mid W,NCCAA-II-Indep.,
Grace IN,NAIA,II,*,Crossroads,
Grace NE,NCCAA,I,Cen,NCCAA-I-Indep.,
Graceland,NAIA,I,*,HAAC,
Grambling St,NCAA,I,S,SWAC,
Grand Canyon,NCAA,I,W,WAC,
Grand Valley St,NCAA,II,MW,GLIAC,
Grand View,NAIA,II,*,Midwest Coll,
Grande Prairie,CCAA,ACAC,North,Alberta,
Great Falls,NAIA,I,*,Frontier,
Great Lakes Christian,NCCAA,II,Mid W,NCCAA-II-Indep.,
Green Mountain,NCAA,III,NE,North Atl,
Greensboro,NCAA,III,S,USA South,
Greenville,NCAA,III,MW,SLIAC,
Grinnell,NCAA,III,MW,Midwest Conf,
Grove City,NCAA,III,GL,Presidents',
Guelph,CIS,OUA,Cent.,CIS-OUA,
Guilford,NCAA,III,S,ODAC,
Gustavus Adolphus,NCAA,III,W,Minn IAC,
Gwynedd-Mercy,NCAA,III,M Atl,Colonial States,
Hamilton,NCAA,III,E,NESCAC,
Hamline,NCAA,III,W,Minn IAC,
Hampden-Sydney,NCAA,III,S,ODAC,
Hampshire,USCAA,II,*,Yankee Small,
Hampton,NCAA,I,E,MEAC,
Hannibal-LaGrange,NAIA,I,*,Amer MidW,
Hanover,NCAA,III,MW,Heartland CAC,
Harding,NCAA,II,S,Great Amer,
Hardin-Simmons,NCAA,III,S,Amer SW,
Harris-Stowe St,NAIA,I,*,Amer MidW,
Hartford,NCAA,I,E,Amer E,
Hartwick,NCAA,III,E,Empire 8,
Harvard,NCAA,I,E,Ivy,
Haskell,NAIA,II,*,Midlands,
Hastings,NAIA,II,*,GPAC,
Haverford,NCAA,III,M Atl,Centennial,
Hawai`i,NCAA,I,W,Big West,
Hawai`i Pacific,NCAA,II,W,PacWest,
Hawai`i-Hilo,NCAA,II,W,PacWest,
Heidelberg,NCAA,III,GL,Ohio AC,
Henderson St,NCAA,II,S,Great Amer,
Hendrix,NCAA,III,S,Southern AA,
High Point,NCAA,I,S,Big South,
Hilbert,NCAA,III,E,Alleg Mtn,
Hillsdale,NCAA,II,MW,GLIAC,
Hillsdale Free Will,NCCAA,II,SW,NCCAA-II-Indep.,
Hiram,NCAA,III,GL,North Coast,
Hiwassee,NCCAA,I,MidE,NCCAA-I-Indep.,
Hobart,NCAA,III,E,Liberty,
Hofstra,NCAA,I,E,Colonial,
Holland,CCAA,ACAA,*,Atl Colleges,
Holy Cross IN,NAIA,II,*,Chicagoland,
Holy Cross MA,NCAA,I,E,Patriot,
Holy Family,NCAA,II,E,Cent Atl,
Holy Names,NCAA,II,W,PacWest,
Hood,NCAA,III,M Atl,Middle Atl C'wlth,
Hope,NCAA,III,GL,Mich IAA,
Hope Int'l,NAIA,I,*,Golden State,
Houghton,NCAA,III,*,Empire 8,
Houston,NCAA,I,MW,American,
Houston Baptist,NCAA,I,MW,Southland,
Howard,NCAA,I,E,MEAC,
Howard Payne,NCAA,III,S,Amer SW,
Humber,CCAA,OCAA,W,OCAA,
Humboldt St,NCAA,II,W,Cal CAA,
Hunter,NCAA,III,Atl,CUNY AC,
Huntingdon AL,NCAA,III,S,USA South,
Huntington IN,NAIA,II,*,Crossroads,
Husson,NCAA,III,NE,North Atl,
Huston-Tillotson,NAIA,I,*,Red River,
Idaho,NCAA,I,W,Big Sky,
Idaho St,NCAA,I,W,Big Sky,
Illinois,NCAA,I,NW,Big 10,
Illinois College,NCAA,III,MW,Midwest Conf,
Illinois St,NCAA,I,MW,Missouri Val,
Illinois Tech,NCAA,III,GL,NCAA-III-Indep.,
Illinois Wesleyan,NCAA,III,MW,CCIW,
Illinois-Chicago,NCAA,I,MW,Horizon,
Illinois-Springfield,NCAA,II,*,Great Lakes Val,
Immaculata,NCAA,III,M Atl,Colonial States,
Incarnate Word,NCAA,I,SC,Southland,
Indiana,NCAA,I,NW,Big 10,
Indiana PA,NCAA,II,E,PSAC,
Indiana St,NCAA,I,MW,Missouri Val,
Indiana Tech,NAIA,II,*,Wolv-Hoosier,
Indiana Wesleyan,NAIA,II,*,Crossroads,
Indianapolis,NCAA,II,MW,Great Lakes Val,
Iona,NCAA,I,E,Metro Atl,
Iowa,NCAA,I,NW,Big 10,
Iowa St,NCAA,I,S,Big 12,
Iowa Wesleyan,NCAA,III,*,SLIAC,
IPFW,NCAA,I,MW,Summit,
Ithaca,NCAA,III,E,Empire 8,
IU East,NAIA,II,*,Kentucky IAC,
IU Kokomo,NAIA,II,*,Kentucky IAC,
IU Northwest,NAIA,II,*,AII-II,
IU South Bend,NAIA,II,*,Chicagoland,
IU Southeast,NAIA,II,*,Kentucky IAC,
IUPUI,NCAA,I,MW,Summit,
Jackson St,NCAA,I,S,SWAC,
Jacksonville FL,NCAA,I,S,Atl Sun,
Jacksonville St,NCAA,I,S,Ohio Valley,
James Madison,NCAA,I,E,Colonial,
Jamestown,NAIA,II,*,North Star,
Jarvis Christian,NAIA,I,*,Red River,
John Abbott,CCAA,RSEQ,*,RSEQ,
John Brown,NAIA,I,*,Sooner,
John Carroll,NCAA,III,GL,Ohio AC,
John Jay,NCAA,III,Atl,CUNY AC,
Johns Hopkins,NCAA,III,M Atl,Centennial,
Johnson & Wales CO,NAIA,II,*,AII-II,
Johnson & Wales FL,NAIA,II,*,Sun Conf,
Johnson & Wales NC,USCAA,II,*,USCAA-II-Indep.,
Johnson & Wales RI,NCAA,III,NE,Great NE,
Johnson C. Smith,NCAA,II,S Atl,CIAA,
Johnson FL,NCCAA,II,S,NCCAA-II-Indep.,
Johnson St,NCAA,III,NE,North Atl,
Johnson TN,NCCAA,II,Mid E,NCCAA-II-Indep.,
Judson IL,NAIA,II,*,Chicagoland,
Juniata,NCAA,III,M Atl,Landmark,
Kalamazoo,NCAA,III,GL,Mich IAA,
Kansas,NCAA,I,S,Big 12,
Kansas St,NCAA,I,S,Big 12,
Kansas Wesleyan,NAIA,II,*,Kansas CAC,
Kean,NCAA,III,Atl,NJAC,
Keene St,NCAA,III,NE,Little East,
Kennesaw St,NCAA,I,S Atl,Atl Sun,
Kent St,NCAA,I,MW,MAC,
Kentucky,NCAA,I,S,SEC,
Kentucky Christian,NAIA,II,*,AII-II,
Kentucky St,NCAA,II,S,SIAC,
Kentucky Wesleyan,NCAA,II,MW,Great Midwest,
Kenyon,NCAA,III,GL,North Coast,
Keuka,NCAA,III,E,NEAC,
Keyano,CCAA,ACAC,North,Alberta,
Keystone,NCAA,III,M Atl,Colonial States,
King TN,NCAA,II,?,Conf Carolinas,
King's NY,USCAA,II,*,Hudson Val,
King's PA,NCAA,III,M Atl,Middle Atl Freedom,
King's Univ Coll,CCAA,ACAC,North,Alberta,
Knox,NCAA,III,MW,Midwest Conf,
Kutztown,NCAA,II,E,PSAC,
Kuyper,NCCAA,II,Mid W,NCCAA-II-Indep.,
Kwantlen,CCAA,PACWEST,*,PACWEST,
La Cité,CCAA,OCAA,E,OCAA,
La Roche,NCAA,III,M Atl,Alleg Mtn,
La Salle,NCAA,I,E,Atl 10,
La Sierra,NAIA,II,*,Cal Pac,
La Verne,NCAA,III,W,SCIAC,
Lafayette,NCAA,I,E,Patriot,
LaGrange,NCAA,III,S,USA South,
Lake Erie,NCAA,II,Atl,GLIAC,
Lake Forest,NCAA,III,MW,Midwest Conf,
Lake Superior St,NCAA,II,MW,GLIAC,
Lakehead,CIS,OUA,Cent.,CIS-OUA,
Lakeland AB,CCAA,ACAC,North,Alberta,
Lakeland WI,NCAA,III,MW,Northern AC,
Lamar,NCAA,I,S,Southland,
Lambton,CCAA,OCAA,W,OCAA,
Lancaster Bible,NCAA,III,M Atl,NEAC,
Lander,NCAA,II,S Atl,Peach Belt,
Lane,NCAA,II,S,SIAC,
Langara,CCAA,PACWEST,*,PACWEST,
Langston,NAIA,I,*,Red River,
Lasell,NCAA,III,NE,Great NE,
Laurentian,CIS,OUA,North,CIS-OUA,
Laurier,CIS,OUA,West,CIS-OUA,
Laval,CIS,QSSF,*,CIS-QSSF,
Lawrence,NCAA,III,MW,Midwest Conf,
Lawrence Tech,NAIA,II,*,Wolv-Hoosier,
Le Moyne,NCAA,II,NE,NE-10,
Lebanon Valley,NCAA,III,M Atl,Middle Atl C'wlth,
Lee TN,NCAA,II,*,Gulf South,
Lees-McRae,NCAA,II,E,Conf Carolinas,
Lehigh,NCAA,I,E,Patriot,
Lehman,NCAA,III,Atl,CUNY AC,
LeMoyne-Owen,NCAA,II,S,SIAC,
Lenoir-Rhyne,NCAA,II,S Atl,South Atl,
Lesley,NCAA,III,NE,New England,
Lethbridge CC,CCAA,ACAC,South,Alberta,
Lethbridge U.,CIS,Can W,Pion'r CIS-Can W,*,
LeTourneau,NCAA,III,S,Amer SW,
Lewis,NCAA,II,MW,Great Lakes Val,
Lewis & Clark OR,NCAA,III,W,Northwest,
Lewis-Clark St ID,NAIA,I,*,Frontier,
Liberty,NCAA,I,S,Big South,
Life GA,NAIA,I,*,Mid-South,
Limestone,NCAA,II,SE,Conf Carolinas,
Lincoln Christian,NAIA,II,*,AII-II,
Lincoln Memorial,NCAA,II,S,South Atl,
Lincoln MO,NCAA,II,SC,Mid-Amer IAA,
Lincoln PA,NCAA,II,NE,CIAA,
Lindenwood,NCAA,II,*,Mid-Amer IAA,
Lindenwood-Belleville,NAIA,I,*,Amer MidW,
Lindsey Wilson,NAIA,I,*,Mid-South,
Linfield,NCAA,III,W,Northwest,
Lipscomb,NCAA,I,MW,Atl Sun,
LIU-Brooklyn,NCAA,I,E,Northeast,
LIU-C.W. Post,NCAA,II,NE,East Coast,
Livingstone,NCAA,II,S Atl,CIAA,
Lock Haven,NCAA,II,E,PSAC,
Long Beach St,NCAA,I,W,Big West,
Longwood,NCAA,I,E,Big South,
Loras,NCAA,III,W,Iowa IAC,
Louisiana College,NCAA,III,S,Amer SW,
Louisiana Tech,NCAA,I,S,CUSA,
Louisiana-Lafayette,NCAA,I,S,Sun Belt,
Louisiana-Monroe,NCAA,I,S,Sun Belt,
Louisville,NCAA,I,E,ACC,
Lourdes,NAIA,II,*,Wolv-Hoosier,
Loyalist,CCAA,OCAA,E,OCAA,
Loyola Marymount,NCAA,I,W,West Coast,
Loyola NO,NAIA,I,*,Southern States,
Loyola-Chicago,NCAA,I,MW,Missouri Val,
Loyola-Maryland,NCAA,I,E,Patriot,
LSU,NCAA,I,S,SEC,
LSU-Alexandria,NAIA,I,*,Red River,
LSU-Shreveport,NAIA,I,*,Red River,
Lubbock Christian,NCAA,II,*,Heartland Conf,
Luther,NCAA,III,W,Iowa IAC,
Lycoming,NCAA,III,M Atl,Middle Atl C'wlth,
Lynchburg,NCAA,III,S,ODAC,
Lyndon St,NCAA,III,NE,North Atl,
Lynn,NCAA,II,S,Sunshine State,
Lyon,NAIA,I,*,Amer MidW,
Macalester,NCAA,III,W,Minn IAC,
MacEwan,CIS,Can W,Expl.,CIS-Can W,
MacMurray,NCAA,III,MW,SLIAC,
Madonna,NAIA,II,*,Wolv-Hoosier,
Maine,NCAA,I,E,Amer E,
Maine Maritime,NCAA,III,NE,North Atl,
Maine-Augusta,USCAA,II,*,Yankee Small,
Maine-Farmington,NCAA,III,NE,North Atl,
Maine-Fort Kent,USCAA,I,*,USCAA-I-Indep.,
Maine-Machias,USCAA,II,*,Yankee Small,
Maine-Presque Isle,NCAA,III,NE,NCAA-III-Indep.,
Malone,NCAA,II,*,GLIAC,
Manchester,NCAA,III,MW,Heartland CAC,
Manhattan,NCAA,I,E,Metro Atl,
Manhattan Christian,NCCAA,II,Cen,Midwest Chr,
Manhattanville,NCAA,III,N Atl,Middle Atl Freedom,
Manitoba,CIS,Can W,Pion'r CIS-Can W,*,
Mansfield,NCAA,II,E,PSAC,
Maranatha Baptist,NCAA,III,MW,NCAA-III-Indep.,
Marian IN,NAIA,II,*,Crossroads,
Marian WI,NCAA,III,MW,Northern AC,
Marietta,NCAA,III,GL,Ohio AC,
Marist,NCAA,I,E,Metro Atl,
Marquette,NCAA,I,MW,Big East,
Mars Hill,NCAA,II,S Atl,South Atl,
Marshall,NCAA,I,MW,CUSA,
Martin Luther,NCAA,III,W,UMAC,
Martin Methodist,NAIA,I,*,Southern States,
Mary,NCAA,II,NC,Northern Sun,
Mary Hardin-Baylor,NCAA,III,S,Amer SW,
Mary Washington,NCAA,III,M Atl,Capital,
Marygrove,NAIA,II,*,Wolv-Hoosier,
Maryland,NCAA,I,E,Big 10,
Maryland Bible,Indep.,*,*,*,
Marymount,NCAA,III,M Atl,Capital,
Maryville MO,NCAA,II,SC,Great Lakes Val,
Maryville TN,NCAA,III,S,USA South,
Marywood,NCAA,III,M Atl,Colonial States,
Massachusetts,NCAA,I,E,Atl 10,
Massachusetts Coll,NCAA,III,NE,Mass SCAC,
Mayville St,NAIA,II,*,North Star,
McDaniel,NCAA,III,M Atl,Centennial,
McGill,CIS,QSSF,*,CIS-QSSF,
McKendree,NCAA,II,*,Great Lakes Val,
McMaster,CIS,OUA,Cent.,CIS-OUA,
McMurry,NCAA,III,*,Amer SW,
McNeese St,NCAA,I,S,Southland,
McPherson,NAIA,II,*,Kansas CAC,
MD-Baltimore County,NCAA,I,E,Amer E,
MD-Eastern Shore,NCAA,I,E,MEAC,
Medaille,NCAA,III,E,Alleg Mtn,
Medgar Evers,NCAA,III,Atl,CUNY AC,
Medicine Hat,CCAA,ACAC,South,Alberta,
Memorial,CIS,Atl,*,CIS-Atlantic,
Memphis,NCAA,I,MW,American,
Menlo,NAIA,II,*,Cal Pac,
Mercer,NCAA,I,S,Southern,
Merchant Marine,NCAA,III,Atl,Landmark,
Mercy,NCAA,II,NE,East Coast,
Mercyhurst,NCAA,II,Atl,PSAC,
Merrimack,NCAA,II,NE,NE-10,
Messiah,NCAA,III,M Atl,Middle Atl C'wlth,
Methodist,NCAA,III,S,USA South,
Metropolitan St,NCAA,II,NC,RMAC,
Miami FL,NCAA,I,E,ACC,
Miami OH,NCAA,I,MW,MAC,
Miami-Hamilton,Indep.,*,*,ORCC,
Miami-Middletown,Indep.,*,*,ORCC,
Michigan,NCAA,I,NW,Big 10,
Michigan St,NCAA,I,NW,Big 10,
Michigan Tech,NCAA,II,MW,GLIAC,
Michigan-Dearborn,NAIA,II,*,Wolv-Hoosier,
Mid-America Christian,NAIA,I,*,Sooner,
MidAmerica Nazarene,NAIA,I,*,HAAC,
Mid-Atlantic Chr,USCAA,II,*,Shena & Chesa,
Middle Georgia St,NAIA,I,*,Southern States,
Middle Tennessee St,NCAA,I,S,CUSA,
Middlebury,NCAA,III,NE,NESCAC,
Midland U.,NAIA,II,*,GPAC,
Midwestern St,NCAA,II,SC,Lone Star,
Miles,NCAA,II,S,SIAC,
Millersville,NCAA,II,E,PSAC,
Milligan,NAIA,II,*,Appal AC,
Millikin,NCAA,III,MW,CCIW,
Millsaps,NCAA,III,S,Southern AA,
Milw Engineering,NCAA,III,MW,Northern AC,
Minn St-Mankato,NCAA,II,Cen,Northern Sun,
Minn St-Moorhead,NCAA,II,NC,Northern Sun,
Minn-Crookston,NCAA,II,Cen,Northern Sun,
Minn-Duluth,NCAA,II,Cen,Northern Sun,
Minnesota,NCAA,I,NW,Big 10,
Minn-Morris,NCAA,III,W,UMAC,
Minot St,NCAA,II,*,Northern Sun,
Misericordia,NCAA,III,M Atl,Middle Atl Freedom,
Mississippi,NCAA,I,S,SEC,
Mississippi College,NCAA,II,S,Gulf South,
Mississippi St,NCAA,I,S,SEC,
Mississippi Valley St,NCAA,I,S,SWAC,
Missouri,NCAA,I,S,SEC,
Missouri Baptist,NAIA,I,*,Amer MidW,
Missouri S&T,NCAA,II,MW,Great Lakes Val,
Missouri Southern,NCAA,II,SC,Mid-Amer IAA,
Missouri St,NCAA,I,MW,Missouri Val,
Missouri Valley,NAIA,I,*,HAAC,
Missouri Western,NCAA,II,SC,Mid-Amer IAA,
Missouri-St Louis,NCAA,II,MW,Great Lakes Val,
MIT,NCAA,III,NE,NEWMAC,
Mitchell,NCAA,III,NE,New England,
Mobile,NAIA,I,*,Southern States,
Mohawk,CCAA,OCAA,W,OCAA,
Molloy,NCAA,II,NE,East Coast,
Monmouth IL,NCAA,III,MW,Midwest Conf,
Monmouth NJ,NCAA,I,E,Metro Atl,
Montana,NCAA,I,W,Big Sky,
Montana St,NCAA,I,W,Big Sky,
Montana St-Billings,NCAA,II,W,Great NW,
Montana St-Northern,NAIA,I,*,Frontier,
Montana Tech,NAIA,I,*,Frontier,
Montana-Western,NAIA,I,*,Frontier,
Montclair St,NCAA,III,Atl,NJAC,
Montevallo,NCAA,II,S,Peach Belt,
Montreat,NAIA,II,*,Appal AC,
Moody Bible,NCCAA,II,Mid W,NCCAA-II-Indep.,
Moravian,NCAA,III,M Atl,Landmark,
Morehead St,NCAA,I,S,Ohio Valley,
Morehouse,NCAA,II,S,SIAC,
Morgan St,NCAA,I,E,MEAC,
Morningside,NAIA,II,*,GPAC,
Morris SC,NAIA,I,*,AII-I,
Morrisville St,NCAA,III,E,NEAC,
Morthland,NCCAA,I,MidE,NCCAA-I-Indep.,
Mount Allison,CCAA,ACAA,*,Atl Colleges,
Mount Aloysius,NCAA,III,M Atl,Alleg Mtn,
Mount Ida,NCAA,III,NE,Great NE,
Mount Marty,NAIA,II,*,GPAC,
Mount Mercy,NAIA,II,*,Midwest Coll,
Mount Olive,NCAA,II,SE,Conf Carolinas,
Mount Royal,CIS,Can W,Expl.,CIS-Can W,
Mount Union,NCAA,III,GL,Ohio AC,
Mt St Joseph,NCAA,III,MW,Heartland CAC,
Mt St Mary NY,NCAA,III,Atl,Skyline,
Mt St Mary's MD,NCAA,I,E,Northeast,
Mt St Vincent NY,NCAA,III,Atl,Skyline,
Mt St-Vincent NS,CCAA,ACAA,*,Atl Colleges,
Mt Vernon Nazarene,NAIA,II,*,Crossroads,
Muhlenberg,NCAA,III,M Atl,Centennial,
Multnomah U.,NCCAA,II,W,Pacific Coast,
Murray St,NCAA,I,S,Ohio Valley,
Muskingum,NCAA,III,GL,Ohio AC,
NAIT,CCAA,ACAC,North,Alberta,
Navy,NCAA,I,E,Patriot,
Nazareth,NCAA,III,E,Empire 8,
NC Wesleyan,NCAA,III,S,USA South,
Nebraska,NCAA,I,S,Big 10,
Nebraska Wesleyan,NAIA,II,*,GPAC,
Nebraska-Kearney,NCAA,II,NC,Mid-Amer IAA,
Nebraska-Omaha,NCAA,I,?,Summit,
Neumann,NCAA,III,M Atl,Colonial States,
Nevada,NCAA,I,W,Mtn West,
New England Coll,NCAA,III,NE,North Atl,
New Hampshire,NCAA,I,E,Amer E,
New Hampshire Tech,USCAA,II,*,Yankee Small,
New Haven,NCAA,II,NE,NE-10,
New Hope Christian,NCCAA,I,W,Pacific Coast,
New Jersey,NCAA,III,Atl,NJAC,
New Jersey City,NCAA,III,Atl,NJAC,
New Jersey Tech,NCAA,I,E,NCAA-I-Indep.,
New Mexico,NCAA,I,W,Mtn West,
New Mexico Highlands,NCAA,II,NC,RMAC,
New Mexico St,NCAA,I,S,WAC,
New Orleans,NCAA,I,?,Southland,
New Paltz St,NCAA,III,E,SUNY AC,
New School,Indep.,*,*,*,
Newberry,NCAA,II,S Atl,South Atl,
Newbury,NCAA,III,NE,New England,
Newman,NCAA,II,*,Heartland Conf,
Niagara NY,NCAA,I,E,Metro Atl,
Niagara ON,CCAA,OCAA,W,OCAA,
Nicholls St,NCAA,I,S,Southland,
Nichols,NCAA,III,NE,C'wealth Coast,
Nipissing,CIS,OUA,North,CIS-OUA,
Norfolk St,NCAA,I,E,MEAC,
North Alabama,NCAA,II,S,Gulf South,
North Carolina,NCAA,I,E,ACC,
North Carolina A&T,NCAA,I,E,MEAC,
North Carolina Central,NCAA,I,E,MEAC,
North Carolina St,NCAA,I,E,ACC,
North Central IL,NCAA,III,MW,CCIW,
North Central MN,NCAA,III,W,UMAC,
North Dakota,NCAA,I,*,Big Sky,
North Dakota St,NCAA,I,NC,Summit,
North Florida,NCAA,I,S Atl,Atl Sun,
North Georgia,NCAA,II,S Atl,Peach Belt,
North Greenville,NCAA,II,S Atl,Conf Carolinas,
North Park,NCAA,III,MW,CCIW,
North Texas,NCAA,I,S,CUSA,
Northeastern,NCAA,I,E,Colonial,
Northeastern St OK,NCAA,II,SC,Mid-Amer IAA,
Northern Arizona,NCAA,I,W,Big Sky,
Northern Colorado,NCAA,I,W,Big Sky,
Northern Illinois,NCAA,I,MW,MAC,
Northern Iowa,NCAA,I,MW,Missouri Val,
Northern Kentucky,NCAA,I,*,Atl Sun,
Northern Maine CC,USCAA,II,*,Yankee Small,
Northern Michigan,NCAA,II,MW,GLIAC,
Northern New Mexico,NAIA,II,*,AII-II,
Northern St,NCAA,II,NC,Northern Sun,
Northland College,NCAA,III,W,UMAC,
Northland Int'l,Indep.,*,*,*,
Northwest Christian,NAIA,II,*,Cascade,
Northwest Indian,Indep.,*,*,*,
Northwest Nazarene,NCAA,II,W,Great NW,
Northwest WA,NAIA,II,*,Cascade,
Northwestern,NCAA,I,NW,Big 10,
Northwestern IA,NAIA,II,*,GPAC,
Northwestern MN,NCAA,III,W,UMAC,
Northwestern OH,NAIA,II,*,Wolv-Hoosier,
Northwestern St,NCAA,I,S,Southland,
Northwood FL,NAIA,II,*,Sun Conf,
Northwood MI,NCAA,II,MW,GLIAC,
Norwich,NCAA,III,NE,Great NE,
Notre Dame,NCAA,I,E,ACC,
Notre Dame CA,NCAA,II,W,PacWest,
Notre Dame OH,NCAA,II,*,Mtn East,
Nova Southeastern,NCAA,II,S,Sunshine State,
NW Missouri St,NCAA,II,SC,Mid-Amer IAA,
NW Oklahoma St,NCAA,II,*,Great Amer,
Nyack,NCAA,II,E,Cent Atl,
NYIT,NCAA,II,NE,East Coast,
NYU,NCAA,III,E,UAA,
Oak Hills Christian,ACCA,*,*,NIAC,
Oakland,NCAA,I,MW,Horizon,
Oakland City,NCAA,II,GL,NCAA-II-Indep.,
Oakwood,USCAA,I,*,USCAA-I-Indep.,
Oberlin,NCAA,III,GL,North Coast,
Occidental,NCAA,III,W,SCIAC,
Oglala Lakota,Indep.,*,*,*,
Oglethorpe,NCAA,III,S,Southern AA,
Ohio Christian,NCCAA,II,Mid E,NCCAA-II-Indep.,
Ohio Dominican,NCAA,II,MW,GLIAC,
Ohio Mid-Western,Indep.,*,*,OCAC,
Ohio Northern,NCAA,III,GL,Ohio AC,
Ohio State,NCAA,I,NW,Big 10,
Ohio St-Lima,Indep.,*,*,ORCC,
Ohio St-Mansfield,Indep.,*,*,ORCC,
Ohio St-Newark,Indep.,*,*,ORCC,
Ohio U.,NCAA,I,MW,MAC,
Ohio U-Chillicothe,Indep.,*,*,ORCC,
Ohio U-Eastern,OH,Indep.,*,*,*
Ohio U-Lancaster,Indep.,*,*,ORCC,
Ohio U-Zanesville,Indep.,*,*,ORCC,
Ohio Valley,NCAA,II,E,Great Midwest,
Ohio Wesleyan,NCAA,III,GL,North Coast,
OK Panhandle St,NCAA,II,SC,Heartland Conf,
Oklahoma,NCAA,I,S,Big 12,
Oklahoma Baptist U.,NAIA,I,*,Sooner,
Oklahoma Christian,NCAA,II,*,Heartland Conf,
Oklahoma City,NAIA,I,*,Sooner,
Oklahoma St,NCAA,I,S,Big 12,
Oklahoma Wesleyan,NAIA,II,*,Midlands,
Old Dominion,NCAA,I,E,CUSA,
Old Westbury,NCAA,III,Atl,Skyline,
Olds,CCAA,ACAC,South,Alberta,
Olivet,NCAA,III,GL,Mich IAA,
Olivet Nazarene,NAIA,II,*,Chicagoland,
Oneonta St,NCAA,III,E,SUNY AC,
Oral Roberts,NCAA,I,MW,Summit,
Oregon,NCAA,I,W,Pac 12,
Oregon St,NCAA,I,W,Pac 12,
Oregon Tech,NAIA,II,*,Cascade,
Oswego St,NCAA,III,E,SUNY AC,
Ottawa KS,NAIA,II,*,Kansas CAC,
Ottawa ON,CIS,OUA,North,CIS-OUA,
Otterbein,NCAA,III,GL,Ohio AC,
Ouachita Baptist,NCAA,II,S,Great Amer,
Our Lady of the Lake,NAIA,I,*,Red River,
Ozark Christian,NCCAA,II,SW,Midwest Chr,
Pace,NCAA,II,NE,NE-10,
Pacific CA,NCAA,I,W,West Coast,
Pacific Lutheran,NCAA,III,W,Northwest,
Pacific OR,NCAA,III,W,Northwest,
Pacific Union,NAIA,II,*,Cal Pac,
Paine,NCAA,II,S,SIAC,
Palm Beach Atlantic,NCAA,II,S,NCAA-II-Indep.,
Park,NAIA,I,*,Amer MidW,
Paul Quinn,NAIA,I,*,Red River,
Penn St,NCAA,I,NW,Big 10,
Penn St-Abington,NCAA,III,M Atl,NEAC,
Penn St-Altoona,NCAA,III,M Atl,Alleg Mtn,
Penn St-Beaver,USCAA,II,*,PSUAC,
Penn St-Berks,NCAA,III,M Atl,NEAC,
Penn St-Brandywine,USCAA,II,*,PSUAC,
Penn St-DuBois,USCAA,II,*,PSUAC,
Penn St-Erie,NCAA,III,GL,Alleg Mtn,
Penn St-Fayette,USCAA,II,*,PSUAC,
Penn St-Gtr Allegheny,USCAA,II,*,PSUAC,
Penn St-Harrisburg,NCAA,III,M Atl,Capital,
Penn St-Hazleton,USCAA,II,*,PSUAC,
Penn St-Lehigh Valley,USCAA,II,*,PSUAC,
Penn St-Mont Alto,USCAA,II,*,PSUAC,
Penn St-New Kensington,USCAA,II,*,PSUAC,
Penn St-Schuylkill,USCAA,II,*,PSUAC,
Penn St-Wilkes-Barre,USCAA,II,*,PSUAC,
Penn St-Worth Scranton,USCAA,II,*,PSUAC,
Penn St-York,USCAA,II,*,PSUAC,
Penn Tech,NCAA,III,?,NEAC,
Pennsylvania,NCAA,I,E,Ivy,
Pensacola Christian,NCCAA,II,S,NCCAA-II-Indep.,
Pepperdine,NCAA,I,W,West Coast,
Peru St,NAIA,I,*,HAAC,
Pfeiffer,NCAA,II,E,Conf Carolinas,
Philadelphia,NCAA,II,E,Cent Atl,
Philander Smith,NAIA,I,*,Gulf Coast,
Piedmont GA,NCAA,III,S,USA South,
Piedmont Int'l,NCCAA,II,S,NCCAA-II-Indep.,
Pikeville,NAIA,I,*,Mid-South,
Pine Manor,NCAA,III,?,NCAA-III-Indep.,
Pitt-Bradford,NCAA,III,M Atl,Alleg Mtn,
Pitt-Greensburg,NCAA,III,GL,Alleg Mtn,
Pitt-Johnstown,NCAA,II,E,PSAC,
Pittsburg St,NCAA,II,SC,Mid-Amer IAA,
Pittsburgh,NCAA,I,E,ACC,
Pitt-Titusville,Indep.,*,*,*,
Plattsburgh St,NCAA,III,E,SUNY AC,
Plymouth St,NCAA,III,NE,Little East,
Point Loma Nazarene,NCAA,II,*,PacWest,
Point Park,NAIA,II,*,Kentucky IAC,
Point U.,NAIA,II,*,Appal AC,
Pomona-Pitzer,NCAA,III,W,SCIAC,
Portland,NCAA,I,W,West Coast,
Portland Bible,NCCAA,II,W,Pacific Coast,
Portland St,NCAA,I,W,Big Sky,
Post,NCAA,II,E,Cent Atl,
Potsdam St,NCAA,III,E,SUNY AC,
Prairie View A&M,NCAA,I,S,SWAC,
Pratt Institute,Indep.,*,*,Hudson Val,
Presbyterian,NCAA,I,S,Big South,
Presentation,NAIA,II,*,North Star,
Princeton,NCAA,I,E,Ivy,
Principia,NCAA,III,MW,SLIAC,
Providence MB,NCCAA,II,NC,Man CAC,
Providence RI,NCAA,I,E,Big East,
Puget Sound,NCAA,III,W,Northwest,
Purdue,NCAA,I,NW,Big 10,
Purdue Calumet,NAIA,II,*,Chicagoland,
Purdue North Central,NAIA,II,*,Chicagoland,
Queens NC,NCAA,II,E,South Atl,
Queens NY,NCAA,II,NE,East Coast,
Queen's ON,CIS,OUA,East,CIS-OUA,
Quest,CCAA,PACWEST,*,PACWEST,
Quincy,NCAA,II,MW,Great Lakes Val,
Quinnipiac,NCAA,I,E,Metro Atl,
Radford,NCAA,I,S,Big South,
Ramapo,NCAA,III,Atl,NJAC,
Randolph Coll,NCAA,III,S,ODAC,
Randolph-Macon,NCAA,III,S,ODAC,
Red Deer,CCAA,ACAC,South,Alberta,
Red River,Indep.,*,*,Man CAC,
Redeemer,CCAA,OCAA,W,OCAA,
Redlands,NCAA,III,W,SCIAC,
Regina,CIS,Can W,Pion'r CIS-Can W,*,
Regis CO,NCAA,II,NC,RMAC,
Regis MA,NCAA,III,NE,New England,
Reinhardt,NAIA,II,*,Appal AC,
Rhema Bible,ACCA,*,*,*,
Rhode Island,NCAA,I,E,Atl 10,
Rhode Island Coll,NCAA,III,NE,Little East,
Rhodes,NCAA,III,S,Southern AA,
Rice,NCAA,I,W,CUSA,
Richard Stockton,NCAA,III,Atl,NJAC,
Richmond,NCAA,I,E,Atl 10,
Rider,NCAA,I,E,Metro Atl,
Rio Grande,NAIA,II,*,Kentucky IAC,
Ripon,NCAA,III,MW,Midwest Conf,
RIT,NCAA,III,E,Liberty,
Rivier,NCAA,III,NE,Great NE,
Roanoke,NCAA,III,S,ODAC,
Robert Morris PA,NCAA,I,E,Northeast,
Robert Morris-Chicago,NAIA,II,*,Chicagoland,
Robert Morris-Peoria,Indep.,*,*,*,
Roberts Wesleyan,NCAA,II,*,East Coast,
Robt Morris-Springfield Eagles,I,*,USCAA-I-Indep.,*,
Rochester MI,NAIA,II,*,AII-II,
Rochester NY,NCAA,III,E,UAA,
Rockford,NCAA,III,MW,Northern AC,
Rockhurst,NCAA,II,MW,Great Lakes Val,
Rocky Mountain,NAIA,I,*,Frontier,
Roger Williams,NCAA,III,NE,C'wealth Coast,
Rogers St,NCAA,II,*,Heartland Conf,
Rollins,NCAA,II,S,Sunshine State,
Roosevelt,NAIA,II,*,Chicagoland,
Rose-Hulman,NCAA,III,MW,Heartland CAC,
Rosemont,NCAA,III,M Atl,Colonial States,
Rowan,NCAA,III,Atl,NJAC,
RPI,NCAA,III,E,Liberty,
Rust,NCAA,III,S,NCAA-III-Indep.,
Rutgers,NCAA,I,E,Big 10,
Rutgers-Camden,NCAA,III,Atl,NJAC,
Rutgers-Newark,NCAA,III,Atl,NJAC,
Ryerson,CIS,OUA,East,CIS-OUA,
S New Hampshire,NCAA,II,NE,NE-10,
Sacramento St,NCAA,I,W,Big Sky,
Sacred Heart,NCAA,I,E,Northeast,
Sage,NCAA,III,E,Skyline,
Saginaw Valley St,NCAA,II,MW,GLIAC,
SAIT,CCAA,ACAC,South,Alberta,
Salem Int'l,NCAA,II,E,Great Midwest,
Salem St,NCAA,III,NE,Mass SCAC,
Salisbury,NCAA,III,M Atl,Capital,
Salve Regina,NCAA,III,NE,C'wealth Coast,
Sam Houston St,NCAA,I,S,Southland,
Samford,NCAA,I,S,Southern,
San Diego,NCAA,I,W,West Coast,
San Diego Christian,NAIA,I,*,Golden State,
San Diego St,NCAA,I,W,Mtn West,
San Francisco,NCAA,I,W,West Coast,
San Francisco St,NCAA,II,W,Cal CAA,
San José St,NCAA,I,W,Mtn West,
Santa Clara,NCAA,I,W,West Coast,
Sarah Lawrence,NCAA,III,?,Skyline,
Saskatchewan,CIS,Can W,Pion'r CIS-Can W,*,
Sault,CCAA,OCAA,W,OCAA,
Savannah St,NCAA,I,E,MEAC,
SC-Aiken,NCAA,II,S Atl,Peach Belt,
Schreiner,NCAA,III,S,SCAC,
Science & Arts OK,NAIA,I,*,Sooner,
Scranton,NCAA,III,M Atl,Landmark,
SC-Upstate,NCAA,I,S,Atl Sun,
SE Louisiana,NCAA,I,S,Southland,
SE Missouri St,NCAA,I,S,Ohio Valley,
SE Oklahoma St,NCAA,II,SC,Great Amer,
Seattle Pacific,NCAA,II,W,Great NW,
Seattle U.,NCAA,I,W,WAC,
Selma U.,NCCAA,I,S,NCCAA-I-Indep.,
Seneca,CCAA,OCAA,E,OCAA,
Seton Hall,NCAA,I,E,Big East,
Seton Hill,NCAA,II,E,PSAC,
Sewanee,NCAA,III,S,Southern AA,
Shaw,NCAA,II,S Atl,CIAA,
Shawnee St,NAIA,I,*,Mid-South,
Shenandoah,NCAA,III,S,ODAC,
Shepherd,NCAA,II,E,Mtn East,
Sheridan,CCAA,OCAA,W,OCAA,
Shippensburg,NCAA,II,E,PSAC,
Shorter,NCAA,II,W,Gulf South,
Siena,NCAA,I,E,Metro Atl,
Siena Heights,NAIA,II,*,Wolv-Hoosier,
Silver Lake,USCAA,I,*,USCAA-I-Indep.,
Simon Fraser,NCAA,II,W,Great NW,
Simpson CA,NAIA,II,*,Cal Pac,
Simpson IA,NCAA,III,W,Iowa IAC,
Sioux Falls,NCAA,II,?,Northern Sun,
SIU-Edwardsville,NCAA,I,MW,Ohio Valley,
Skidmore,NCAA,III,E,Liberty,
Slippery Rock,NCAA,II,E,PSAC,
SMU,NCAA,I,W,American,
Sonoma St,NCAA,II,W,Cal CAA,
South Alabama,NCAA,I,S,Sun Belt,
South Carolina,NCAA,I,S,SEC,
South Carolina St,NCAA,I,E,MEAC,
South Dakota,NCAA,I,*,Summit,
South Dakota St,NCAA,I,NC,Summit,
South Dakota Tech,NCAA,II,*,NCAA-II-Indep.,
South Florida,NCAA,I,MW,American,
Southeastern FL,NAIA,II,*,Sun Conf,
Southern Arkansas,NCAA,II,S,Great Amer,
Southern Cal,NCAA,I,W,Pac 12,
Southern Conn St,NCAA,II,NE,NE-10,
Southern Illinois,NCAA,I,MW,Missouri Val,
Southern Indiana,NCAA,II,MW,Great Lakes Val,
Southern Maine,NCAA,III,NE,Little East,
Southern Maine CC,USCAA,II,*,Yankee Small,
Southern Miss,NCAA,I,MW,CUSA,
Southern Nazarene,NCAA,II,*,Great Amer,
Southern Oregon,NAIA,II,*,Cascade,
Southern St OH,USCAA,II,*,OCAC,
Southern U.,NCAA,I,S,SWAC,
Southern Utah,NCAA,I,MW,Big Sky,
Southern Vermont,NCAA,III,NE,New England,
Southern Virginia,NCAA,III,M Atl,Capital,
Southern Wesleyan,NCAA,II,?,Conf Carolinas,
Southern-New Orleans,NAIA,I,*,Gulf Coast,
Southwestern KS,NAIA,II,*,Kansas CAC,
Southwestern TX,NCAA,III,S,SCAC,
Spalding,NCAA,III,MW,SLIAC,
Spring Arbor,NAIA,II,*,Crossroads,
Spring Hill,NCAA,II,?,SIAC,
Springfield,NCAA,III,NE,NEWMAC,
St Ambrose,NAIA,II,*,Midwest Coll,
St Andrews,NAIA,II,*,Appal AC,
St Anselm,NCAA,II,NE,NE-10,
St Augustine's,NCAA,II,S Atl,CIAA,
St Bonaventure,NCAA,I,E,Atl 10,
St Catharine,NAIA,I,*,Mid-South,
St Clair,CCAA,OCAA,W,OCAA,
St Cloud St,NCAA,II,Cen,Northern Sun,
St Edward's,NCAA,II,SC,Heartland Conf,
St Francis IL,NAIA,II,*,Chicagoland,
St Francis IN,NAIA,II,*,Crossroads,
St Francis NY,NCAA,I,E,Northeast,
St Francis PA,NCAA,I,E,Northeast,
St Francis Xavier,CIS,Atl,*,CIS-Atlantic,
St Gregory's,NAIA,I,*,Sooner,
St John Fisher,NCAA,III,E,Empire 8,
St John's MN,NCAA,III,W,Minn IAC,
St John's NY,NCAA,I,E,Big East,
St Joseph VT,USCAA,II,*,Yankee Small,
St Joseph's IN,NCAA,II,MW,Great Lakes Val,
St Joseph's LI,NCAA,III,Atl,Skyline,
St Joseph's ME,NCAA,III,NE,Great NE,
St Joseph's PA,NCAA,I,E,Atl 10,
St Joseph's-Brooklyn,NCAA,III,Atl,Hudson Val,
St Katherine,Indep.,*,*,*,
St Lawrence NY,NCAA,III,E,Liberty,
St Lawrence ON,CCAA,OCAA,E,OCAA,
St Leo,NCAA,II,S,Sunshine State,
St Louis Christian,ACCA,*,*,Midwest Chr,
St Louis Pharmacy,NAIA,I,*,Amer MidW,
St Louis U.,NCAA,I,MW,Atl 10,
St Martin's,NCAA,II,W,Great NW,
St Mary KS,NAIA,II,*,Kansas CAC,
St Mary's AB,CCAA,ACAC,South,Alberta,
St Mary's CA,NCAA,I,W,West Coast,
St Mary's MD,NCAA,III,M Atl,Capital,
St Mary's MN,NCAA,III,W,Minn IAC,
St Mary's NS,CIS,Atl,*,CIS-Atlantic,
St Mary's TX,NCAA,II,SC,Heartland Conf,
St Michael's,NCAA,II,NE,NE-10,
St Norbert,NCAA,III,MW,Midwest Conf,
St Olaf,NCAA,III,W,Minn IAC,
St Peter's,NCAA,I,E,Metro Atl,
St Rose,NCAA,II,NE,NE-10,
St Scholastica,NCAA,III,W,UMAC,
St Thomas Aquinas,NCAA,II,NE,East Coast,
St Thomas FL,NAIA,II,*,Sun Conf,
St Thomas MN,NCAA,III,W,Minn IAC,
St Thomas NB,CCAA,ACAA,*,Atl Colleges,
St Thomas TX,NAIA,I,*,Red River,
St Vincent,NCAA,III,*,Presidents',
St Xavier,NAIA,II,*,Chicagoland,
Stanford,NCAA,I,W,Pac 12,
Staten Island,NCAA,III,Atl,CUNY AC,
Stephen F. Austin,NCAA,I,S,Southland,
Sterling,NAIA,II,*,Kansas CAC,
Stetson,NCAA,I,S,Atl Sun,
Stevens Tech,NCAA,III,E,Empire 8,
Stevenson,NCAA,III,M Atl,Middle Atl C'wlth,
Stillman,NCAA,II,S,SIAC,
Stonehill,NCAA,II,NE,NE-10,
Stony Brook,NCAA,I,E,Amer E,
Suffolk,NCAA,III,NE,Great NE,
Sul Ross St,NCAA,III,S,Amer SW,
SUNY-Canton,NCAA,III,*,NCAA-III-Indep.,
SUNY-Cobleskill,NCAA,III,E,NEAC,
SUNY-ESF,USCAA,II,*,USCAA-II-Indep.,
SUNYIT,NCAA,III,E,NEAC,
SUNY-Maritime,NCAA,III,Atl,Skyline,
SUNY-Purchase,NCAA,III,Atl,Skyline,
Susquehanna,NCAA,III,M Atl,Landmark,
SW Adventist,Indep.,*,*,*,
SW Assem of God,NAIA,I,*,Sooner,
SW Baptist,NCAA,II,SC,Mid-Amer IAA,
SW Christian,NAIA,I,*,Sooner,
SW Minnesota St,NCAA,II,NC,Northern Sun,
SW Oklahoma St,NCAA,II,SC,Great Amer,
Swarthmore,NCAA,III,M Atl,Centennial,
Syracuse,NCAA,I,E,ACC,
Tabor,NAIA,II,*,Kansas CAC,
Talladega,NAIA,I,*,Gulf Coast,
Tampa,NCAA,II,S,Sunshine State,
TAMU-Commerce,NCAA,II,SC,Lone Star,
TAMU-Corpus Christi,NCAA,I,S,Southland,
TAMU-Int'l,NCAA,II,*,Heartland Conf,
TAMU-Kingsville,NCAA,II,SC,Lone Star,
Tarleton St,NCAA,II,SC,Lone Star,
Taylor,NAIA,II,*,Crossroads,
TCU,NCAA,I,W,Big 12,
Temple,NCAA,I,E,American,
Tennessee,NCAA,I,S,SEC,
Tennessee St,NCAA,I,S,Ohio Valley,
Tennessee Tech,NCAA,I,S,Ohio Valley,
Tennessee Temple,USCAA,I,*,USCAA-I-Indep.,
Tennessee Wesleyan,NAIA,II,*,Appal AC,
Tennessee-Martin,NCAA,I,S,Ohio Valley,
Texas,NCAA,I,S,Big 12,
Texas A&M,NCAA,I,S,SEC,
Texas College,NAIA,I,*,Red River,
Texas Lutheran,NCAA,III,S,SCAC,
Texas Southern,NCAA,I,S,SWAC,
Texas St-San Marcos,NCAA,I,S,Sun Belt,
Texas Tech,NCAA,I,S,Big 12,
Texas Wesleyan,NAIA,I,*,Sooner,
Texas-Arlington,NCAA,I,S,Sun Belt,
Texas-Dallas,NCAA,III,S,Amer SW,
Texas-Pan American,NCAA,I,S,WAC,
Texas-Permian Basin,NCAA,II,*,Heartland Conf,
Texas-San Antonio,NCAA,I,S,CUSA,
Texas-Tyler,NCAA,III,S,Amer SW,
The Citadel,NCAA,I,S,Southern,
The Master's College,NAIA,I,*,Golden State,
Thiel,NCAA,III,GL,Presidents',
Thomas GA,NAIA,II,*,Sun Conf,
Thomas ME,NCAA,III,NE,North Atl,
Thomas More,NCAA,III,GL,Presidents',
Thompson Rivers,CIS,Can W,Expl.,CIS-Can W,
Tiffin,NCAA,II,GL,GLIAC,
Toccoa Falls,NCCAA,II,S,NCCAA-II-Indep.,
Toledo,NCAA,I,MW,MAC,
Toronto,CIS,OUA,East,CIS-OUA,
Tougaloo,NAIA,I,*,Gulf Coast,
Towson,NCAA,I,E,Colonial,
Transylvania,NCAA,III,MW,Heartland CAC,
Trevecca Nazarene,NCAA,II,*,Great Midwest,
Trine,NCAA,III,GL,Mich IAA,
Trinity Baptist,NCCAA,II,S,NCCAA-II-Indep.,
Trinity Bible,NCCAA,II,NC,NIAC,
Trinity Christian,NAIA,II,*,Chicagoland,
Trinity CT,NCAA,III,NE,NESCAC,
Trinity FL,NCCAA,II,S,NCCAA-II-Indep.,
Trinity Int'l,NAIA,II,*,Chicagoland,
Trinity TX,NCAA,III,S,SCAC,
Trinity Western,CIS,Can W,Pion'r CIS-Can W,NCCAA,
Troy,NCAA,I,S,Sun Belt,
Truett-McConnell,NAIA,II,*,Appal AC,
Truman St,NCAA,II,SC,Great Lakes Val,
Tufts,NCAA,III,NE,NESCAC,
Tulane,NCAA,I,MW,American,
Tulsa,NCAA,I,W,American,
Tusculum,NCAA,II,S Atl,South Atl,
Tuskegee,NCAA,II,S,SIAC,
U of King's Coll,CCAA,ACAA,*,Atl Colleges,
U of New England,NCAA,III,NE,C'wealth Coast,
U of the Ozarks,NCAA,III,S,Amer SW,
U of the Southwest,NAIA,I,*,Red River,
U Sciences Phila,NCAA,II,E,Cent Atl,
UBC,CIS,Can W,Pion'r CIS-Can W,*,
UBC-Okanagan,CIS,Can W,Expl.,CIS-Can W,
UCCB,CIS,Atl,*,CIS-Atlantic,
UC-Davis,NCAA,I,W,Big West,
UC-Irvine,NCAA,I,W,Big West,
UCLA,NCAA,I,W,Pac 12,
UC-Merced,NAIA,II,*,Cal Pac,
UC-Riverside,NCAA,I,W,Big West,
UC-San Diego,NCAA,II,W,Cal CAA,
UC-Santa Barbara,NCAA,I,W,Big West,
UC-Santa Cruz,NCAA,III,W,NCAA-III-Indep.,
UMass-Boston,NCAA,III,NE,Little East,
UMass-Dartmouth,NCAA,III,NE,Little East,
UMass-Lowell,NCAA,I,E,Amer E,
UMKC,NCAA,I,MW,WAC,
UNB,CIS,Atl,*,CIS-Atlantic,
UNBC,CIS,Can W,Expl.,CIS-Can W,
UNB-Saint John,CCAA,ACAA,*,Atl Colleges,
UNC-Asheville,NCAA,I,S,Big South,
UNC-Greensboro,NCAA,I,S,Southern,
UNC-Pembroke,NCAA,II,S Atl,Peach Belt,
UNC-Wilmington,NCAA,I,E,Colonial,
Union KY,NAIA,II,*,Appal AC,
Union NE,Indep.,*,*,*,
Union NY,NCAA,III,E,Liberty,
Union TN,NCAA,II,*,Gulf South,
Unity,USCAA,II,*,Yankee Small,
UNLV,NCAA,I,W,Mtn West,
UPEI,CIS,Atl,*,CIS-Atlantic,
Upper Iowa,NCAA,II,NC,Northern Sun,
UPR-Bayamón,NCAA,II,S,L.A.I.,
UPR-Mayagüez,NCAA,II,S,L.A.I.,
UPR-Rio Piedras,NCAA,II,S,L.A.I.,
UQAM,CIS,QSSF,*,CIS-QSSF,
Urbana,NCAA,II,*,Mtn East,
Ursinus,NCAA,III,M Atl,Centennial,
Utah,NCAA,I,W,Pac 12,
Utah St,NCAA,I,W,Mtn West,
Utah Valley St,NCAA,I,W,WAC,
UTEP,NCAA,I,W,CUSA,
Utica,NCAA,III,E,Empire 8,
UW-Eau Claire,NCAA,III,W,Wisc IAC,
UW-Green Bay,NCAA,I,MW,Horizon,
UW-La Crosse,NCAA,III,W,Wisc IAC,
UW-Milwaukee,NCAA,I,MW,Horizon,
UW-Oshkosh,NCAA,III,W,Wisc IAC,
UW-Parkside,NCAA,II,MW,Great Lakes Val,
UW-Platteville,NCAA,III,W,Wisc IAC,
UW-River Falls,NCAA,III,W,Wisc IAC,
UW-Stevens Point,NCAA,III,W,Wisc IAC,
UW-Stout,NCAA,III,W,Wisc IAC,
UW-Superior,NCAA,III,W,Wisc IAC,
UW-Whitewater,NCAA,III,W,Wisc IAC,
VA Commonwealth,NCAA,I,E,Atl 10,
Valdosta St,NCAA,II,S,Gulf South,
Valley City St,NAIA,II,*,North Star,
Valley Forge,NCAA,III,?,NCAA-III-Indep.,
Valparaiso,NCAA,I,MW,Horizon,
VA-Lynchburg,Indep.,*,*,*,
Vancouver Island,CCAA,PACWEST,*,PACWEST,
Vanderbilt,NCAA,I,S,SEC,
Vanguard,NAIA,I,*,Golden State,
Vanier,CCAA,RSEQ,*,RSEQ,
Vassar,NCAA,III,E,Liberty,
Vaughn,USCAA,II,*,Hudson Val,
Vermont,NCAA,I,E,Amer E,
Vermont Tech,USCAA,II,*,Yankee Small,
Victoria,CIS,Can W,Pion'r CIS-Can W,*,
Villanova,NCAA,I,E,Big East,
Virginia,NCAA,I,E,ACC,
Virginia St,NCAA,II,S Atl,CIAA,
Virginia Tech,NCAA,I,E,ACC,
Virginia Union,NCAA,II,S Atl,CIAA,
Virginia Wesleyan,NCAA,III,S,ODAC,
Virginia-Wise,NCAA,II,*,Mtn East,
Viterbo,NAIA,II,*,Midwest Coll,
VMI,NCAA,I,S,Southern,
Voorhees,NAIA,I,*,Gulf Coast,
Wabash,NCAA,III,GL,North Coast,
Wagner,NCAA,I,E,Northeast,
Wake Forest,NCAA,I,E,ACC,
Waldorf,NAIA,II,*,Midlands,
Walla Walla,NAIA,II,*,AII-II,
Walsh,NCAA,II,*,GLIAC,
Warner Pacific,NAIA,II,*,Cascade,
Warner U.,NAIA,II,*,Sun Conf,
Warren Wilson,USCAA,II,*,USCAA-II-Indep.,
Wartburg,NCAA,III,W,Iowa IAC,
Wash & Jeff,NCAA,III,GL,Presidents',
Washburn,NCAA,II,SC,Mid-Amer IAA,
Washington,NCAA,I,W,Pac 12,
Washington Adventist,NAIA,I,*,AII-I,
Washington and Lee,NCAA,III,S,ODAC,
Washington MD,NCAA,III,M Atl,Centennial,
Washington MO,NCAA,III,MW,UAA,
Washington St,NCAA,I,W,Pac 12,
Waterloo,CIS,OUA,West,CIS-OUA,
Wayland Baptist,NAIA,I,*,Sooner,
Wayne St MI,NCAA,II,MW,GLIAC,
Wayne St NE,NCAA,II,NC,Northern Sun,
Waynesburg,NCAA,III,GL,Presidents',
Webb Institute,Indep.,*,*,*,
Webber Int'l,NAIA,II,*,Sun Conf,
Weber St,NCAA,I,W,Big Sky,
Webster,NCAA,III,MW,SLIAC,
Welch,NCCAA,II,Mid E,NCCAA-II-Indep.,
Wells,NCAA,III,*,NEAC,
Wentworth Tech,NCAA,III,NE,C'wealth Coast,
Wesley DE,NCAA,III,M Atl,Capital,
Wesleyan,NCAA,III,NE,NESCAC,
West Alabama,NCAA,II,S,Gulf South,
West Chester,NCAA,II,E,PSAC,
West Coast Baptist,NCCAA,II,W,Pacific Coast,
West Florida,NCAA,II,S,Gulf South,
West Georgia,NCAA,II,S,Gulf South,
West Liberty,NCAA,II,E,Mtn East,
West Texas A&M,NCAA,II,SC,Lone Star,
West Virginia,NCAA,I,E,Big 12,
West Virginia St,NCAA,II,E,Mtn East,
West Virginia Tech,NAIA,I,*,AII-I,
Western Carolina,NCAA,I,S,Southern,
Western Conn St,NCAA,III,NE,Little East,
Western Illinois,NCAA,I,MW,Summit,
Western Kentucky,NCAA,I,S,CUSA,
Western Michigan,NCAA,I,MW,MAC,
Western New England,NCAA,III,NE,C'wealth Coast,
Western New Mexico,NCAA,II,SC,RMAC,
Western ON,CIS,OUA,West,CIS-OUA,
Western Oregon,NCAA,II,W,Great NW,
Western St,NCAA,II,NC,RMAC,
Western Washington,NCAA,II,W,Great NW,
Westfield St,NCAA,III,NE,Mass SCAC,
Westminster MO,NCAA,III,MW,SLIAC,
Westminster PA,NCAA,III,GL,Presidents',
Westminster UT,NAIA,I,*,Frontier,
Westmont,NAIA,I,*,Golden State,
Wheaton IL,NCAA,III,MW,CCIW,
Wheaton MA,NCAA,III,NE,NEWMAC,
Wheeling Jesuit,NCAA,II,E,Mtn East,
Wheelock,NCAA,III,NE,New England,
Whitman,NCAA,III,W,Northwest,
Whittier,NCAA,III,W,SCIAC,
Whitworth,NCAA,III,W,Northwest,
Wichita St,NCAA,I,MW,Missouri Val,
Widener,NCAA,III,M Atl,Middle Atl C'wlth,
Wilberforce,NAIA,II,*,AII-II,
Wiley,NAIA,I,*,Red River,
Wilkes,NCAA,III,M Atl,Middle Atl Freedom,
Willamette,NCAA,III,W,Northwest,
William & Mary,NCAA,I,E,Colonial,
William Carey,NAIA,I,*,Southern States,
William Jessup,NAIA,I,*,Golden State,
William Jewell,NCAA,II,?,Great Lakes Val,
William Paterson,NCAA,III,Atl,NJAC,
William Peace,NCAA,III,S,USA South,
William Penn,NAIA,II,*,Midwest Coll,
William Woods,NAIA,I,*,Amer MidW,
Williams,NCAA,III,NE,NESCAC,
Williams Baptist,NAIA,I,*,Amer MidW,
Williamson Trade,USCAA,II,*,USCAA-II-Indep.,
Wilmington DE,NCAA,II,E,Cent Atl,
Wilmington OH,NCAA,III,GL,Ohio AC,
Wilson College,NCAA,III,?,NEAC,
Windsor,CIS,OUA,West,CIS-OUA,
Wingate,NCAA,II,S Atl,South Atl,
Winnipeg,CIS,Can W,Pion'r CIS-Can W,*,
Winnipeg Coll,Indep.,*,*,Man CAC,
Winona St,NCAA,II,NC,Northern Sun,
Winston-Salem,NCAA,II,S,CIAA,
Winthrop,NCAA,I,S,Big South,
Wisconsin,NCAA,I,NW,Big 10,
Wisconsin Lutheran,NCAA,III,MW,Northern AC,
Wittenberg,NCAA,III,GL,North Coast,
Wofford,NCAA,I,S,Southern,
Wooster,NCAA,III,GL,North Coast,
Worcester St,NCAA,III,NE,Mass SCAC,
WPI,NCAA,III,NE,NEWMAC,
Wright St,NCAA,I,MW,Horizon,
Wright St-Lake,Indep.,*,*,ORCC,
WV Wesleyan,NCAA,II,E,Mtn East,
Wyoming,NCAA,I,W,Mtn West,
Xavier NO,NAIA,I,*,Gulf Coast,
Xavier OH,NCAA,I,E,Big East,
Yale,NCAA,I,E,Ivy,
Yeshiva,NCAA,III,Atl,Skyline,
York NE,NAIA,II,*,Midlands,
York NY,NCAA,III,Atl,CUNY AC,
York ON,CIS,OUA,East,CIS-OUA,
York PA,NCAA,III,M Atl,Capital,
Young Harris,NCAA,II,*,Peach Belt,
Youngstown St,NCAA,I,MW,Horizon,
